Date,Product,Region,Sales_Amount,Discount
2021-04-13,Product A,West,214.15919861503826,0.10254111164765475
2022-03-12,Product A,North,223.9073785216162,0.2217079673363876
2021-09-28,Product A,East,303.9984908054971,0.06697901565155889
2021-04-17,Product C,North,136.30210501633726,0.19255798765660662
2021-03-13,Product C,North,145.28990779946525,0.17119488716428047
2022-12-02,Product D,East,268.07071415848907,0.17042775370136018
2021-01-21,Product B,East,389.41409495473835,0.19890220384253277
2022-09-07,Product C,East,328.77398813341443,0.16451461085869618
2021-05-02,Product C,North,183.8097717065775,0.26377653445391536
2022-04-12,Product B,North,243.65172987901454,0.20267402758507794
2021-08-03,Product C,East,126.79914134749929,0.16408897541141643
2021-11-27,Product A,West,83.58341645168677,0.24892893608629346
2022-04-04,Product A,West,,0.18184396948004392
2021-03-29,Product B,South,169.42433413468757,0.0873432743355537
2022-01-08,Product D,East,129.9948745330617,0.062128475452971364
2021-04-10,Product D,South,361.2281250061937,0.04569833569880364
2022-10-26,Product B,West,328.12325342923367,0.2698365637638305
2021-05-11,Product B,South,334.93533170605883,0.21304062953941974
2022-10-24,Product A,East,153.00257218097613,0.28121353144929623
2021-11-05,Product D,East,154.69049235320645,0.1809875417144829
2021-12-10,Product C,East,149.3611834035376,0.14202026444847377
2022-05-07,Product A,North,128.18866804803253,0.0179149466912668
2022-02-18,Product B,South,345.07565265274536,0.20149268446380894
2022-01-21,Product D,West,431.60714836223065,0.17466262793046936
2021-07-11,Product C,West,375.94286135449755,0.2970626680762864
2021-10-04,Product C,West,406.44213519224445,0.0717476333346729
2021-06-10,Product A,North,232.15929308833992,0.15922120658605074
2022-04-05,Product D,North,344.33410791739914,0.19528720053542178
2021-11-10,Product D,East,209.40630820014854,0.19337735242270307
2021-01-22,Product B,West,286.477079885888,0.16838806288452082
2021-09-10,Product D,North,266.73568094068804,0.23307840309816763
2022-07-15,Product D,East,129.59921531473447,0.061494362858044924
2022-04-20,Product A,West,224.18544215103387,0.21768816008232475
2021-02-28,Product D,South,483.72002396705795,0.18592037142992676
2022-05-26,Product C,East,161.86111597172393,0.268822533538372
2022-11-13,Product A,North,110.21168132576992,0.2541583317100745
2022-04-21,Product A,North,238.3612797307709,0.09454411173976597
2022-12-01,Product B,East,405.6519811370666,0.08287119749254591
2021-07-09,Product D,East,311.9667034009875,0.2944959971557343
2022-11-18,Product B,North,356.43867225721004,0.15817955427457694
2022-07-17,Product C,South,135.36268167860473,0.27192628917433104
2022-07-21,Product A,West,328.5266868534747,0.04916430713414466
2021-09-01,Product A,South,195.5751777101632,0.19284567444005227
2022-05-20,Product A,East,425.43651467964537,0.24295805620817584
2021-05-11,Product C,South,333.1844627048313,0.28421857487593405
2022-04-30,Product C,North,139.48532499888316,0.10120204230510704
2022-10-09,Product B,East,79.07750592983876,0.21749435097721573
2021-01-21,Product B,West,69.18494417916473,0.1616439027118857
2021-06-16,Product B,North,217.13385544256334,0.018188677819940456
2021-10-01,Product D,North,169.63301149444106,0.206999921192683
2022-01-23,Product A,West,340.7405555581286,0.20702896747135302
2022-08-24,Product A,West,274.7002257403782,0.2791820414539611
2021-11-12,Product B,South,169.70867510242132,0.1491937338506917
2021-01-14,Product A,East,117.15700007757926,0.0690752762131544
2021-08-30,Product B,West,107.23989320935232,0.013369147034603745
2021-12-12,Product D,West,439.09717646318796,0.1246926560057717
2022-07-19,Product D,East,159.56508578219024,0.09057501002325054
2021-12-06,Product C,West,343.26979155993575,0.22832649180716266
2021-04-02,Product D,West,414.8086675938198,0.10628032945231398
2022-01-02,Product B,South,326.33659003313124,0.28472135889445316
2022-03-31,Product D,North,436.80435424112557,0.2886930608963353
2022-03-04,Product C,North,226.57717468781354,0.18627257706531242
2022-05-24,Product A,North,480.29998579202675,0.27859808610446485
2021-02-04,Product B,North,109.91525188014361,0.22825630335434868
2021-07-25,Product A,West,95.96728834589214,0.16405789229253784
2021-03-22,Product C,East,346.4114657933496,0.054092380626833435
2022-07-16,Product C,East,474.2740136359678,0.137579383054152
2022-01-23,Product C,South,413.99755773634763,0.16826233900878526
2021-01-02,Product A,South,84.38758674712315,0.25918847422050306
2022-01-25,Product A,West,175.71547127062237,0.14440001296069946
2022-07-20,Product A,East,468.64349817702066,0.269302401803387
2021-04-16,Product A,East,163.87629476035306,0.20230469370704066
2022-04-22,Product C,North,401.52669070411366,0.04109971891610141
2022-12-04,Product C,West,421.3094881679167,0.29849441079752786
2022-02-06,Product B,West,272.9534465574418,0.15816979822617377
2022-12-31,Product B,North,223.85700943174197,0.11755748892272366
2022-07-10,Product A,West,252.55599458889185,0.19773412934085796
2021-06-11,Product D,West,152.13411246441387,0.03266799419431172
2021-07-21,Product D,South,450.2259122579799,0.1909615940260063
2021-09-27,Product C,East,252.77884552839106,0.1494708001497819
2021-09-28,Product C,West,447.1067482052449,0.12200222099957493
2022-04-01,Product C,South,97.56206595782334,0.28590600635366975
2022-04-07,Product B,East,494.7238719500591,0.15676191501961598
2022-12-28,Product B,North,249.47288934962822,0.06573524384098152
2021-09-09,Product C,South,71.52386917734746,0.13768904381318958
2022-12-03,Product C,South,67.1098317068547,0.2758162213718018
2021-10-23,Product C,East,385.79326586682737,0.0528286413991784
2022-12-26,Product D,North,346.5659903916563,0.06418711160647107
2022-12-21,Product B,South,410.9587511574144,0.003908870327125125
2021-12-04,Product D,West,97.41539027876269,0.004257014818730154
2021-02-22,Product D,West,66.00689016599677,0.24881748808755375
2021-08-05,Product C,West,278.8606802514103,0.21963678205288675
2021-07-07,Product C,North,224.41785416724628,0.10651231693558748
2022-01-15,Product A,South,257.87612150193013,0.2094933471682718
2022-05-08,Product A,West,496.2147839916233,0.11856177789299105
2021-02-10,Product D,North,486.8374809518016,0.2858690387993482
2021-06-06,Product B,West,474.0419253529368,0.29011580442781043
2021-01-15,Product C,East,402.72920454545323,0.11783813274280301
2021-03-06,Product C,South,209.67861211560069,0.2562665719022604
2022-06-05,Product D,South,235.45891861824722,0.23192671250923985
2021-12-10,Product A,North,297.327219673516,0.09299998115153679
2021-05-09,Product B,North,423.74050538217796,0.06961194867033178
2022-10-10,Product A,South,80.92077463322049,0.13747039511785014
2022-04-17,Product A,West,240.93359864819965,0.23440465218432185
2021-03-04,Product A,West,87.17794855667091,0.2880503354186236
2021-05-19,Product A,East,281.59591395808025,0.22907372065997175
2022-05-14,Product C,West,454.50537080280594,0.256562095505511
2022-08-16,Product C,North,402.1182160537721,0.18091929185115496
2022-01-27,Product A,North,152.52908789439948,0.25062234925263777
2022-11-06,Product B,West,489.1958823194566,0.23532625740102528
2022-02-23,Product D,North,350.3076791208928,0.11309566257788402
2021-10-16,Product B,South,54.69246472883138,0.16559709063621633
2022-01-14,Product B,South,164.93606810834876,0.24142593659690845
2022-05-05,Product B,West,167.32098496396245,0.013817020256986912
2021-08-19,Product A,South,81.16443782863698,0.24242378470674897
2021-02-10,Product C,South,481.92193313416806,0.053366437214707026
2021-01-28,Product B,East,265.2148825591657,0.15440508513643167
2021-05-15,Product A,East,453.1165688173469,0.24248263186678126
2021-07-20,Product B,South,194.99697655008276,0.07614632344700846
2021-02-02,Product B,West,106.3551066947722,0.0737422317918459
2021-02-17,Product A,East,263.4512494577963,0.12082931953867555
2022-05-18,Product C,North,101.28048562144272,0.26839283927329033
2022-02-11,Product C,North,268.706976339893,0.00013283443116236525
2022-07-28,Product D,North,464.13373154873346,0.27041492899258046
2022-12-29,Product A,West,284.3456638253957,0.04614210739248233
2021-04-09,Product D,South,327.42487710278755,0.2970259128202446
2022-11-15,Product D,North,120.48729663821373,0.2864540979115404
2022-12-27,Product D,West,69.68103164598627,0.148402556877385
2022-07-01,Product C,East,99.86358298091316,0.15381607434378844
2022-09-05,Product A,South,319.3392090579645,0.14446480208275628
2022-04-07,Product D,East,92.75526454653709,0.19063309369785678
2022-10-05,Product A,West,219.19680047359014,0.02721651067047931
2021-01-05,Product A,North,297.5413732061702,0.00978538450246995
2021-08-06,Product C,North,224.89375938343116,0.017310878524769657
2022-05-18,Product D,West,123.65771065938567,0.13330960477245432
2022-02-02,Product D,North,173.20608838134794,0.08266438176584502
2022-01-28,Product A,South,467.7428897818596,0.18661186871129812
2021-07-26,Product B,West,354.1920240138599,0.2977326868124337
2021-01-15,Product C,East,273.22152740594896,0.11589695192293976
2022-07-08,Product C,West,55.72170049410208,0.17215237623135402
2022-04-06,Product C,South,496.5869302202616,0.12468116877220065
2022-11-22,Product C,South,,0.2541815003165578
2022-07-29,Product D,West,192.61511480522523,0.2706709210386714
2021-08-29,Product D,West,445.6708969990272,0.263206683661578
2022-07-18,Product B,North,166.29422913131816,0.29231167160377725
2021-04-06,Product C,South,294.8074606322382,0.008255755542124587
2022-04-30,Product C,West,336.2318436784213,0.2519448486436593
2022-02-11,Product A,West,149.4785171541778,0.22553165191172797
2021-08-19,Product D,South,490.27877546026815,0.06860832282010944
2022-10-17,Product C,West,10000.0,0.28689602801625824
2021-06-20,Product B,North,301.0159514799815,0.04445337846898364
2022-06-25,Product B,South,131.2675691788854,0.20386497814017251
2021-02-05,Product D,North,74.23619314911176,0.06746706504477375
2022-06-09,Product B,North,,0.1294141946322224
2021-06-09,Product B,North,388.93430116103127,0.21574796908337068
2022-11-30,Product D,North,171.1990842359113,0.168997392609914
2021-08-31,Product C,South,292.8002992229773,0.1282505493984335
2021-03-27,Product C,North,377.5762295288344,0.09790152927959617
2022-08-01,Product B,North,98.57467159090896,0.25189789671263707
2022-11-13,Product B,West,358.384107252143,0.04314430509444411
2022-07-11,Product C,South,91.34189946952011,0.12903086295894
2022-07-28,Product D,South,484.30838395714846,0.2711272715325426
2022-10-08,Product B,East,269.77735852922285,0.2537548651379903
2021-01-28,Product A,South,117.80424846944483,0.120282528741914
2022-09-12,Product D,South,204.0726362150959,0.22893250908039248
2022-07-10,Product B,East,236.03740218286765,0.24694824921265776
2021-12-06,Product B,South,391.1832549844418,0.2666662272010889
2021-11-27,Product A,South,384.54070373447416,0.16335173071476838
2022-10-02,Product A,South,325.37322740179894,0.06133826581641354
2022-05-21,Product C,South,97.66882065132182,0.07659272295117948
2021-12-14,Product D,East,118.20621721445312,0.08870840221248126
2022-04-18,Product D,South,92.19061429050049,0.17814074424288465
2021-08-19,Product C,South,309.7277524793975,0.009842887238582532
2021-07-09,Product D,East,444.71229868013177,0.19081274063399048
2021-08-13,Product D,West,245.2102305146473,0.1093062715284696
2022-01-20,Product D,North,122.3816782809858,0.08857254074689265
2022-01-12,Product D,West,301.11904631703516,0.2638489712184379
2021-10-10,Product D,East,415.28849758956943,0.13800071867423966
2022-09-25,Product A,North,383.7704276808185,0.028515913659807834
2022-09-20,Product D,East,446.6528508537596,0.2480240304078741
2021-09-16,Product A,East,175.05594376199053,0.01429237723095198
2021-12-25,Product D,South,137.2792402704987,0.218024767250459
2022-12-11,Product C,North,445.9174186738724,0.23217186653119953
2022-04-01,Product B,South,,0.10578078177865745
2022-02-15,Product A,North,189.91801850339937,0.247436356883336
2022-10-11,Product D,East,384.05662275762916,0.15469782175693603
2021-11-14,Product C,East,416.8032730161656,0.13898809598183903
2022-11-08,Product B,West,326.74020815350957,0.013620984440607763
2021-08-13,Product A,North,359.5478494459618,0.08700875809467176
2021-08-22,Product B,South,218.86695699919986,0.27930299126558994
2022-11-15,Product C,West,292.41305030436763,0.11754718898505
2022-10-26,Product A,West,285.871626826773,0.1640101561670305
2022-01-09,Product B,West,431.62150600884735,0.15960650369527554
2022-11-03,Product D,South,427.98379112698217,0.177129326946808
2022-08-31,Product A,West,424.7062112061694,0.018399286692984785
2022-04-17,Product B,South,54.964226418109604,0.10865287643961848
2021-08-21,Product C,West,387.2954680109997,0.21693848216476624
2022-11-23,Product C,South,391.4043755499522,0.06016807532189487
2021-04-23,Product A,East,355.2704702848138,0.06107351326390813
2022-05-12,Product B,East,390.3190960511537,0.0030271820067074183
2022-03-18,Product A,East,428.8866671735189,0.13124457798246292
2022-07-18,Product A,East,261.64357434580353,0.2648203142020266
2021-09-25,Product B,East,275.9225960698012,0.015570283076192702
2022-05-25,Product B,West,106.12132561012572,0.05733561284880079
2022-01-21,Product D,West,223.41914737131282,0.09302536150282652
2022-01-22,Product B,West,339.51433096030297,0.21951742096926385
2021-04-23,Product C,South,401.17989926627354,0.19219067784077595
2022-09-05,Product A,South,147.74409396104477,0.12478317137455651
2022-09-17,Product A,South,112.02030462165592,0.2277206817775127
2021-03-22,Product C,South,348.3689020252215,0.18288930349707058
2022-11-30,Product B,East,50.84594758620979,0.2688122398971657
2021-04-23,Product C,East,130.26766293829843,0.2454080247416079
2021-01-02,Product C,East,,0.07584408182676017
2022-10-04,Product D,North,125.09830303469191,0.08143157329026006
2021-08-08,Product C,West,131.59367596647735,0.037606942737715685
2022-07-20,Product A,South,224.4531176376774,0.10108941771523695
2021-08-13,Product C,South,,0.2998631756157283
2022-01-20,Product A,East,443.418111774607,0.12172535058451829
2022-02-07,Product A,South,279.54937062447135,0.06614653040673192
2022-09-30,Product A,South,375.53214452552885,0.2287448653426659
2021-05-10,Product B,West,96.86181106412934,0.16274130103879683
2021-02-22,Product D,East,151.44743995866224,0.04488043485808576
2022-11-15,Product A,West,366.32454844040456,0.11420690434825972
2022-12-31,Product A,North,73.76178221083764,0.12434091466180298
2022-11-03,Product B,North,268.9689480096889,0.22614891017076558
2022-12-11,Product A,North,319.71603454832024,0.006201410667571339
2022-02-20,Product C,East,320.9655398236165,0.08070589403949315
2021-09-04,Product C,South,60.319765070618914,0.15527889039465662
2022-03-15,Product D,East,194.94860190313346,0.080654022735853
2021-07-22,Product A,East,336.42079297211933,0.18853021422569965
2021-07-03,Product B,South,117.04988126715955,0.14456024378238497
2021-05-03,Product C,West,362.93704174762394,0.10851307645787418
2022-02-05,Product B,North,385.66634396615353,0.2847625880611537
2021-10-21,Product B,West,491.88613570076535,0.1896478497559372
2021-10-07,Product C,North,144.42889768538424,0.03898241168038236
2022-09-02,Product B,East,421.30880044975186,0.16802750923301865
2021-07-17,Product C,North,284.13345961339434,0.23421955596027028
2022-05-26,Product B,East,218.05816826487805,0.2125469092478392
2021-05-24,Product C,West,105.06954079633007,0.05162676878857781
2022-09-01,Product A,East,380.9775229193919,0.291725999712031
2021-07-20,Product D,West,156.1359196146592,0.13464409372398178
2021-05-04,Product C,South,217.1399008428706,0.04770750112207839
2021-07-06,Product C,South,78.1440021038158,0.05405872623844438
2021-11-22,Product D,South,410.61511211878354,0.029470497656724146
2022-04-09,Product C,East,394.9648357872395,0.24105543253048028
2021-12-15,Product C,South,380.1271235190406,0.036609148296554594
2022-10-22,Product B,North,184.749579721349,0.03753757714252408
2022-02-07,Product D,West,128.06603341968076,0.2551414844282513
2021-12-12,Product A,West,336.8989690116034,0.10338122533426788
2022-05-26,Product C,North,273.2748728509488,0.009257371292421735
2021-05-27,Product D,East,130.2136101070887,0.015568589855523262
2021-05-28,Product B,East,358.6600719724387,0.042651134011168663
2022-12-12,Product A,West,496.00689431958665,0.06401800439270686
2022-05-04,Product D,South,386.24881448391693,0.1995438582715216
2022-10-02,Product A,East,382.9938740085253,0.04719788400054847
2022-07-05,Product A,East,477.64073881876624,0.03566231735312159
2021-12-04,Product A,North,141.321365408706,0.22941574244288374
2022-10-03,Product C,North,304.4974842146482,0.20131658515797432
2022-04-18,Product C,South,490.84102176524755,0.13059726643657085
2021-05-31,Product B,East,124.38234993657855,0.16479293144403118
2022-02-19,Product B,East,365.1133817500345,0.09359520609792554
2021-10-25,Product D,North,313.6145656873559,0.1447501260706082
2022-09-03,Product B,East,313.91559148491814,0.15200179469482372
2021-09-20,Product A,West,363.95178238403383,0.11617118135342877
2021-05-24,Product A,North,468.32761529405786,0.27197166320164884
2021-12-12,Product C,South,402.1618729331021,0.004818559494301843
2022-09-16,Product A,North,10000.0,0.23465137892737384
2022-07-26,Product D,East,433.72760894407,0.0373148493723973
2021-01-02,Product A,South,151.49359846657967,0.2392642081611598
2021-10-31,Product A,North,219.61137413136737,0.18477357470301636
2021-09-11,Product D,West,257.779766125572,0.2529834272809207
2022-10-14,Product B,West,266.40770033888134,0.029254297692269237
2022-03-29,Product B,North,245.83117966491056,0.1676941902299322
2021-02-06,Product D,West,471.808982397139,0.15032636407865912
2021-06-09,Product C,West,367.7085534488111,0.21185795488900758
2021-01-09,Product A,West,334.0267906805179,0.16028716556810274
2021-08-21,Product D,South,72.4289125023237,0.16222037013993126
2021-04-09,Product A,West,456.7609986171686,0.1288787830728194
2022-10-21,Product C,West,459.2255864037783,0.09265032720220225
2021-07-27,Product A,West,401.09587854354606,0.14467930837565765
2021-05-11,Product D,South,53.16314171612862,0.035547707630520176
2022-02-08,Product A,North,75.7761129849305,0.2884540016949254
2021-06-01,Product B,East,151.35066602082037,0.2143232290879795
2021-02-23,Product C,West,109.10723366520801,0.28574013500635403
2021-04-30,Product C,North,229.47621336667825,0.06801821469898897
2022-11-04,Product C,West,465.18037613950537,0.2638023060529584
2022-09-20,Product D,South,262.42719538864924,0.24263699536906153
2022-08-10,Product C,North,56.03118189447453,0.20314572373730208
2022-09-17,Product B,South,177.2355603104429,0.18750875582556173
2022-02-24,Product D,West,70.0677087678327,0.09496489958036099
2022-02-26,Product B,West,66.32943017607597,0.2449232354895092
2021-04-14,Product A,South,174.07393389299853,0.15045463844392012
2021-09-11,Product A,East,174.02555240552545,0.02126747276738561
2021-08-15,Product A,South,404.20697117072183,0.093858948256539
2021-04-22,Product A,West,488.67559375150034,0.28058912956359827
2022-05-25,Product B,South,217.04319225049923,0.25520407818145385
2022-04-18,Product D,East,242.99909548746737,0.29457170942296174
2021-04-09,Product D,South,430.15524632870967,0.18839801478122942
2021-06-02,Product C,East,170.662559042981,0.07425302194212359
2021-12-04,Product B,East,120.37181198155157,0.04884451490305913
2022-12-07,Product A,South,433.8903305316427,0.05607433218253849
2021-06-12,Product B,South,70.92526389802947,0.005938697504176316
2022-12-21,Product C,North,328.8647480897371,0.11720463329578175
2022-11-12,Product C,West,302.8967813600631,0.05742830414986275
2021-06-10,Product B,East,205.66420137576242,0.12349663813701073
2022-08-03,Product B,North,191.83528449381154,0.2804983295516296
2022-02-02,Product B,South,397.3359767817296,0.12916206285215698
2021-10-04,Product D,West,88.89107484314592,0.2633953490954504
2022-05-19,Product A,North,156.55293919012342,0.18165142998476294
2022-01-27,Product B,East,379.6019293271404,0.07413946639841758
2021-05-15,Product B,North,296.7442626768909,0.10675642777776341
2021-07-14,Product B,East,107.59469384011388,0.025175860746428823
2022-02-05,Product C,South,446.96102642692705,0.10003877807880314
2022-10-02,Product C,West,227.0515309536162,0.20326228365106022
2021-02-02,Product D,West,422.54076889497776,0.021633327878830554
2022-11-19,Product A,West,404.4708569874689,0.0616204225434088
2022-04-05,Product D,South,330.9914509122776,0.11443231242399343
2022-04-15,Product A,East,272.5165090827918,0.29461486110478874
2022-01-10,Product C,South,490.7978781717906,0.23545854688766404
2021-01-22,Product C,West,115.23428257091767,0.22004602394763115
2022-11-01,Product C,South,376.3200773980017,0.03485728695763379
2021-02-07,Product D,South,136.03581565915505,0.23429876808449743
2021-08-18,Product B,South,202.21839739955678,0.23558064345480453
2021-12-31,Product B,East,188.91443451793785,0.18033080868729848
2022-07-17,Product C,North,476.16619448242534,0.29710853459951153
2022-03-14,Product B,North,485.31028000472384,0.09757617177736558
2021-10-10,Product B,South,132.35694990562723,0.2823817344725555
2021-01-27,Product D,North,59.91582213387689,0.27441933448695105
2021-08-14,Product A,North,374.0036178484009,0.0034441979248133526
2021-10-04,Product C,South,238.09547024171795,0.1350349579424433
2022-09-01,Product C,South,89.97811028940397,0.293131269915472
2021-10-11,Product D,West,357.6893475096691,0.030936408722422735
2022-04-26,Product D,North,295.2974877173149,0.16433540831499582
2022-03-29,Product B,East,491.2325699004977,0.2936872521123312
2022-10-21,Product C,South,152.33427313762053,0.16664862723175805
2022-05-31,Product A,West,231.7900443469467,0.056944590891646794
2022-07-01,Product D,East,294.14561152794033,0.1746549690277769
2021-07-11,Product A,North,406.26499480400827,0.06133217218486405
2021-02-18,Product A,West,296.9773955240264,0.15591127886834527
2022-05-27,Product C,South,325.80507238787715,0.022212665373704397
2021-01-17,Product C,East,10000.0,0.18164480076432138
2021-06-21,Product D,South,431.1134276398519,0.15503698173844746
2021-08-08,Product C,North,242.88374613671408,0.2220484106284389
2021-06-07,Product C,East,113.43183238479617,0.1892101413476355
2022-04-22,Product C,North,348.8845615274378,0.164881880559227
2021-02-15,Product A,North,147.24070393338837,0.20693365477443634
2022-01-08,Product D,West,93.90312960768489,0.043182574071669255
2022-06-02,Product B,South,437.8941087819225,0.1786078983775812
2021-04-09,Product A,East,257.0730190197978,0.051633180846833306
2021-02-06,Product C,North,387.1776707130994,0.27765666235556424
2021-10-07,Product A,North,180.7644019128598,0.02050023145368126
2021-12-15,Product C,East,404.13656071294986,0.12911242490723798
2022-05-12,Product C,North,100.37116715968864,0.20873924329663346
2021-10-29,Product A,West,210.1880182076837,0.13740666350047762
2021-06-30,Product D,West,490.12781808808785,0.027628575969870704
2022-08-30,Product C,West,407.29537236560276,0.1660137048380122
2021-04-09,Product D,West,273.76516864160965,0.19248957264820635
2022-12-01,Product B,North,,0.2111376932971523
2021-04-26,Product C,East,442.46106501011445,0.11197794433882767
2021-07-10,Product D,East,295.18149158803203,0.16909799130862865
2021-09-10,Product D,East,391.2912580411,0.13520594248167392
2021-06-10,Product B,East,389.34845614227385,0.20161681162567602
2021-09-13,Product D,South,58.07555535582132,0.17506709019744557
2021-11-19,Product D,East,106.81420225667605,0.15772686586774046
2021-05-08,Product B,South,346.833214877634,0.07485731005147458
2021-01-18,Product C,South,122.72891507864215,0.000605555324470175
2022-07-20,Product D,West,164.9720050950221,0.05222450259342878
2022-07-24,Product D,South,475.98707938982324,0.035119812427250596
2021-11-19,Product D,North,302.08201626871033,0.134725423503284
2022-11-17,Product A,South,387.8282781497062,0.1836774452285534
2022-09-18,Product B,West,301.09133245218794,0.06392550260544246
2021-10-15,Product A,South,,0.28171712879015615
2022-10-25,Product B,North,92.36835955656406,0.0020046387671663335
2022-10-01,Product C,North,204.64843667409636,0.23169030454960285
2021-06-04,Product C,North,177.09390440893026,0.18756143085913266
2022-05-05,Product D,West,225.82776452612595,0.11206644031430457
2022-01-21,Product B,West,409.25488470094774,0.015146683323722376
2021-04-14,Product C,East,217.36970056258917,0.1882459715352838
2022-01-28,Product B,West,253.26356865425723,0.11568405385969441
2021-09-03,Product C,North,228.82162571839243,0.28088014182396576
2021-06-25,Product A,North,92.03358738888302,0.16259702246692978
2021-02-08,Product C,West,248.4824712128527,0.28189545338805244
2022-04-22,Product A,South,138.02417287003175,0.06614510804199122
2022-11-13,Product C,West,,0.217717773109231
2022-06-22,Product D,West,92.31624699541986,0.1851747062546177
2022-02-12,Product A,North,210.50193836379412,0.22182246894939353
2022-06-09,Product C,East,390.8668481552378,0.06440035919176103
2022-05-21,Product D,North,174.39876076252824,0.1994983548713321
2021-02-05,Product A,East,190.5570958484811,0.1494121179170607
2022-11-16,Product D,North,339.2035959525906,0.22284749247189486
2021-01-20,Product B,West,138.1283656641135,0.09811339324554533
2021-11-17,Product B,North,453.63106869059044,0.26701710763957576
2022-05-27,Product A,North,284.0857354631995,0.02529039438340511
2022-02-04,Product C,North,251.42132314409764,0.2421567956373564
2022-10-16,Product A,West,301.0190863681406,0.2583958877445272
2022-04-16,Product D,West,124.71544103728796,0.24517569341004636
2021-05-23,Product C,West,326.06291238762935,0.1538179182785328
2021-04-02,Product B,West,213.3953314853047,0.13151549400922838
2021-12-20,Product C,East,453.7338534340785,0.29887868595746303
2022-12-28,Product B,East,125.98439300495876,0.06875158536424864
2021-02-20,Product C,South,278.1729967394485,0.16406278976281338
2022-10-27,Product C,West,319.1506832160581,0.20120265761469766
2022-11-29,Product C,East,65.02262080387155,0.21026029075842959
2022-07-29,Product D,North,,0.0612073997215736
2021-07-09,Product D,West,379.68585561537475,0.19619822770194037
2021-05-05,Product A,South,419.169878352038,0.2455108699444012
2021-05-30,Product A,South,190.92289766777705,0.015005573046333664
2021-11-10,Product B,South,409.36697257223807,0.2734563879975949
2022-07-24,Product D,North,485.49014469652496,0.00885121654356178
2021-12-08,Product B,East,,0.1067913097465183
2021-11-01,Product A,North,102.93979467169635,0.00474395886988862
2022-11-23,Product B,West,382.87864943849326,0.02314355056187456
2022-11-13,Product A,South,193.85007459824513,0.2733504855540237
2021-02-23,Product D,North,494.78719523543447,0.10645824922384435
2022-03-20,Product C,North,268.4115424219492,0.12743145912751586
2022-09-05,Product D,East,105.09525426152346,0.06460331441476579
2021-09-21,Product B,East,376.33349661232586,0.17912873105601593
2021-02-22,Product B,South,195.35503927379622,0.17844096440333687
2022-07-26,Product D,North,498.68517068674777,0.11166011754756577
2022-09-12,Product D,North,490.9021060345348,0.0999104615416195
2021-01-05,Product A,East,345.2603081092613,0.26548929245417635
2021-04-13,Product B,North,108.42190202827291,0.1149852718926604
2021-07-15,Product B,North,359.0874489537631,0.14805029764632247
2021-12-16,Product D,North,91.86371890701224,0.08499142872747918
2021-02-16,Product C,East,63.213871596076544,0.2360308510071382
2022-10-18,Product B,South,420.3313007996687,0.11923444706972748
2021-09-26,Product C,West,144.3888264576566,0.15408331396329736
2022-01-05,Product D,South,220.56220679859382,0.07600715101789841
2022-09-28,Product D,West,488.05582548927794,0.29629787770237553
2021-04-16,Product A,North,201.57822583749646,0.08744872227711686
2022-11-01,Product B,South,183.42040157749187,0.2312227592716655
2022-10-21,Product C,West,463.19359983024884,0.12824869510702774
2022-10-19,Product A,East,99.83680039353115,0.06186522152524196
2021-04-30,Product B,East,391.8120845515843,0.23991562918945836
2022-08-27,Product A,South,494.6295049937483,0.10008203670871295
2021-02-27,Product D,South,455.58320484859195,0.25955800421934333
2021-12-12,Product B,North,343.25056341789167,0.2745771554753469
2022-04-19,Product A,South,191.3273577467294,0.25794715061738277
2021-04-27,Product A,North,164.44489153024253,0.010502374442041695
2021-05-07,Product C,North,418.6647971921575,0.23621200350153165
2022-01-28,Product A,East,445.9198612782629,0.12340183994974316
2022-10-03,Product B,East,286.4457106455618,0.2621168760546675
2021-02-27,Product B,West,,0.1913862788054216
2022-09-26,Product C,East,100.82444378502811,0.2500929402431875
2022-05-28,Product B,East,89.23076052432403,0.1498295309600506
2021-04-06,Product D,South,373.58485130923503,0.16050765137967984
2022-09-30,Product B,East,239.05342753147625,0.04331628964010017
2021-04-28,Product B,West,457.41194342504167,0.23519620760680662
2022-07-14,Product A,South,382.85208532704365,0.1258168835000915
2022-08-24,Product A,West,136.06718806156402,0.15002403548147478
2022-05-03,Product B,East,326.1998384670646,0.23552931422871226
2021-08-25,Product C,West,245.9774544791717,0.1796536200238317
2021-09-29,Product A,South,309.7623788458759,0.060329618232800225
2021-07-08,Product C,North,382.13110550233273,0.17706979774526782
2022-12-05,Product B,West,412.78814645170587,0.12228985739389672
2022-03-23,Product B,West,429.6817968830259,0.1408576626131588
2022-08-04,Product D,South,164.28869355741114,0.008493382320800335
2021-09-04,Product A,South,64.00201996281096,0.06300880485488448
2021-03-17,Product B,West,382.6826308241479,0.08431142441430847
2021-06-03,Product D,East,97.85467681509857,0.21388800235764172
2022-10-18,Product A,West,191.71381487583545,0.003447741989434594
2022-03-11,Product B,South,51.717710355956214,0.1226331783687396
2021-03-27,Product B,North,356.751267080729,0.27720806112771984
2022-11-28,Product A,North,125.20940516204956,0.033564184964737155
2021-10-12,Product A,East,344.8770843612462,0.1549273164655833
2021-08-08,Product A,West,496.28417772552746,0.2359567147172541
2021-03-10,Product B,North,82.70189222450733,0.282759392256035
2021-02-16,Product B,West,84.68510537815732,0.22403299186011538
2021-04-04,Product D,South,203.1710417000037,0.21616966459332185
2022-03-29,Product C,North,439.87393141310395,0.2479464270587287
2021-07-23,Product A,East,146.98844095609934,0.1338603662932631
2021-08-06,Product B,South,212.1700189686564,0.2417533597853499
2022-04-19,Product B,East,80.8274329821408,0.0023893214236353376
2022-03-08,Product A,South,393.41988106650024,0.27736831661304145
2021-12-07,Product C,North,233.73785424175298,0.13299195285515258
2022-07-05,Product A,East,391.6619298773793,0.16601405635972427
2022-09-04,Product C,East,456.6235299560578,0.07646467467446469
2021-10-16,Product B,South,154.74341619557993,0.22275924985212642
2021-09-11,Product C,East,413.3282136529781,0.022990741942574642
2021-12-23,Product D,South,76.59225053521398,0.26179074076405057
2021-01-23,Product B,South,454.4813246811113,0.2484350487019028
2022-06-06,Product D,South,342.8458464014363,0.06481803487342992
2021-04-10,Product A,South,443.4020258622582,0.2427973194855787
2021-06-29,Product A,North,50.08477980046185,0.23590731991844444
2021-08-11,Product A,South,126.08648166019663,0.1896649793261847
2022-10-21,Product C,West,225.39172434192145,0.11205605306990625
2022-03-18,Product B,East,220.77630651862336,0.08144962625456036
2022-08-31,Product A,West,152.0286723155798,0.06953507708680501
2021-11-21,Product A,North,221.72537294024005,0.09558268882908215
2022-05-31,Product B,West,107.98192040011467,0.2710675330297591
2021-01-16,Product A,East,235.74250816971173,0.023292232796634383
2021-12-02,Product D,West,411.0594481216689,0.24866138287588757
2021-09-15,Product B,North,265.581528396508,0.10466702251254707
2022-05-12,Product B,South,58.10004002534674,0.15647981880340744
2021-06-09,Product B,West,239.64981871066135,0.2383456900945472
2022-04-20,Product D,North,62.22875724087987,0.26531296410689137
2022-10-26,Product B,North,484.8095348180592,0.1034344260217941
2022-11-21,Product D,East,107.35428174029104,0.1385530443825331
2022-11-06,Product B,East,368.4597468487784,0.12435481944503768
2022-01-15,Product C,West,487.7493453014386,0.003975310051173164
2022-06-29,Product A,South,421.71757324995735,0.08878286665759698
2022-11-22,Product C,North,364.69191880679165,0.13775677011976853
2022-03-03,Product A,West,427.7574092753451,0.12332808266413192
2022-09-05,Product D,North,491.8094119672824,0.21657876825470382
2021-09-25,Product C,North,329.6050237640883,0.11544108516633096
2022-07-31,Product B,South,301.6331630731969,0.14681293469120107
2022-02-21,Product A,South,332.7071497084766,0.128882577639709
2021-06-17,Product A,West,289.7041490426997,0.22218784466831115
2021-02-12,Product C,South,335.79009765937343,0.25889171969608876
2022-07-10,Product D,South,252.42899358765166,0.15956672370225425
2021-10-12,Product C,West,148.29943229748818,0.23682965825855734
2022-02-01,Product D,South,104.11125193025404,0.08903600460595518
2021-01-12,Product D,East,80.75342098951718,0.1624108830471806
2022-08-30,Product A,North,168.49210268894004,0.10356898610099173
2021-10-29,Product C,North,70.75560395108022,0.12426027767154908
2021-09-10,Product C,North,305.2268509637235,0.21972415944380055
2022-05-14,Product D,North,177.72280116058414,0.2644987446998138
2021-02-04,Product C,West,421.04066363916445,0.036448617326329626
2022-12-28,Product B,North,83.4083928447739,0.19039177694621415
2021-03-31,Product B,North,151.85817245366866,0.17464314227333955
2022-08-28,Product C,North,378.61076619056564,0.03552451175277956
2022-08-25,Product C,North,319.46373337257114,0.06356829913203273
2022-02-22,Product D,East,79.0210720621254,0.09330074841980408
2021-04-25,Product B,North,444.75775572299017,0.05007932124525044
2022-09-09,Product B,East,,0.07311884475730253
2021-07-15,Product A,West,198.68360174409824,0.08028023965851225
2022-05-16,Product D,South,,0.10070214991171789
2022-09-18,Product A,North,495.06276125757825,0.2248171358403477
2022-05-08,Product B,South,331.7792772169122,0.17157366115518022
2021-03-16,Product D,South,289.0924342556266,0.29587400158542043
2022-02-17,Product C,West,427.168482598366,0.1244207480902413
2022-01-11,Product D,South,178.3806522607924,0.22615952215107749
2022-02-24,Product C,East,243.1321670283606,0.2614405264129601
2022-12-30,Product C,South,170.49950396975038,0.20369354791141256
2021-10-04,Product D,South,405.12238096492916,0.12355942212524879
2022-11-07,Product C,South,308.0072055358481,0.22607838922372586
2022-01-29,Product A,North,346.4712815630317,0.061100141331805455
2022-04-02,Product B,North,163.53826242773295,0.09826564955403973
2021-07-11,Product C,East,149.1013856197918,0.16400557652978662
2022-11-20,Product A,East,269.7685830423224,0.1726228161858445
2021-04-09,Product C,North,381.90458709177204,0.006642442641788837
2022-07-02,Product B,East,286.35789088407205,0.2835342566268026
2021-04-06,Product A,North,64.69055489555087,0.208988181365217
2022-10-26,Product B,West,440.84817784412996,0.14871112506956732
2022-10-25,Product B,South,79.10910208180921,0.2799381703224925
2021-07-09,Product A,South,480.12101767433853,0.13172866957524854
2021-02-06,Product A,East,61.31388122477273,0.2941306710811115
2022-01-04,Product A,North,362.50270525881893,0.15368542717304554
2022-11-26,Product D,North,86.99317867030175,0.03428573099939384
2022-06-09,Product A,East,459.80446074581283,0.22944029173778316
2021-10-06,Product A,North,258.99495630149426,0.20366931752335216
2021-08-05,Product A,West,111.88569866765692,0.231896016391676
2021-09-30,Product A,South,203.36706490543096,0.2854326086177043
2021-03-03,Product C,East,124.17110390604292,0.23294679079530542
2022-08-19,Product D,East,126.7618602006905,0.18340098066499405
2022-12-30,Product B,North,476.648744077149,0.25719267070825225
2021-12-08,Product A,East,,0.20197393180635945
2022-02-01,Product C,West,404.9610187574118,0.12243571704777692
2022-11-30,Product C,North,337.82250252995686,0.265685929272532
2021-01-19,Product C,North,354.3918630522765,0.06657013823531185
2021-06-26,Product B,North,109.26204731241734,0.21439238247261724
2022-09-04,Product A,North,155.38300106696855,0.2644690364822271
2022-01-31,Product D,West,,0.21939495591098887
2022-03-21,Product D,North,486.8447929136523,0.20918262571615706
2021-08-21,Product C,East,168.2040391693933,0.2257914882215508
2021-03-17,Product B,West,172.20594413796795,0.1395165744901933
2021-09-22,Product B,South,262.8037097649072,0.26225120464710777
2022-03-31,Product B,South,492.728140784947,0.06103094254082736
2022-12-19,Product D,East,171.03152562191198,0.03821592480010178
2022-01-19,Product C,East,233.13735933541875,0.08565263403555347
2022-07-18,Product A,West,451.16600703057804,0.15947321903249795
2022-05-21,Product D,South,51.314464679612904,0.15316853862280141
2022-01-02,Product C,South,67.8946842448563,0.246179627302976
2021-05-24,Product C,South,321.83225468204864,0.12137059692120522
2021-03-10,Product A,South,458.32107412078113,0.1453033278874526
2021-04-09,Product A,South,157.48549718086744,0.004010304977818691
2022-01-31,Product A,North,261.3387986063191,0.12292177093288172
2021-01-25,Product B,East,252.70938574601823,0.19433226988510263
2022-04-14,Product A,North,262.8371057429796,0.004652499187977654
2022-04-29,Product C,South,330.13386307838533,0.08426458955587313
2022-07-19,Product A,West,261.3846933458077,0.06238690778681698
2021-05-31,Product C,West,251.36066359510602,0.01259562867287647
2021-05-24,Product D,South,263.4297891940672,0.14377802697436123
2022-07-23,Product B,South,315.8903485719687,0.05451698796844695
2021-02-08,Product D,West,291.65336975811124,0.22292446188941403
2021-04-19,Product D,North,434.36119894272696,0.2543783651290045
2022-11-24,Product C,North,72.27358407214997,0.16367555480074433
2021-02-11,Product D,South,424.9926821628556,0.29451220275634243
2021-07-05,Product C,North,429.76607567527583,0.13514357144117858
2022-02-02,Product A,West,178.20860968893237,0.15401046306747465
2021-08-11,Product A,North,258.2833797571328,0.29676532618732504
2022-09-26,Product C,South,247.34231984184598,0.06946453078951464
2021-05-13,Product A,West,148.32942545935862,0.28276378190307155
2021-06-12,Product B,North,228.5585811888424,0.012851266535733973
2021-08-03,Product D,East,69.9744974768845,0.13391606707895842
2021-08-23,Product B,West,175.0199327517805,0.02100105363991973
2022-10-20,Product D,West,417.50697895282315,0.2187704228740929
2022-08-11,Product A,East,178.0530357933039,0.18252268076400532
2021-01-09,Product B,East,418.19300093671137,0.21199027904027892
2021-03-15,Product A,West,289.21975907199385,0.11234411999040508
2022-05-07,Product D,East,445.938204812522,0.11084458020941408
2021-09-10,Product C,South,308.6507994189868,0.013595783688268382
2021-08-18,Product C,South,63.35070037913292,0.10498348185889193
2022-06-03,Product B,South,353.9390933961901,0.2787865206786178
2021-06-23,Product A,West,70.1841056106059,0.11376796115413468
2022-10-15,Product A,East,252.7686585424103,0.249410311866591
2021-06-17,Product B,East,468.2420125129013,0.2526976514249802
2021-06-19,Product C,North,124.34177270203257,0.11197234691377014
2022-01-28,Product D,North,225.44255882369484,0.1895966041188567
2022-09-26,Product B,East,378.4371389818153,0.028611480681917587
2021-07-13,Product D,East,447.0163502426814,0.031103574220282947
2022-06-01,Product C,East,351.9243521341285,0.014597299098513993
2021-01-29,Product A,West,166.17796438602613,0.17430452801253285
2021-06-14,Product C,East,353.5735338122973,0.1278212932878291
2022-02-26,Product B,North,183.5274384968405,0.16440970699927202
2021-12-05,Product A,West,373.29315341843085,0.15632195715251634
2022-10-10,Product B,East,479.31490741326826,0.10506089732721909
2022-05-11,Product B,North,374.6270529978297,0.20324202444704187
2021-12-31,Product C,West,438.29622631058555,0.2275505642749172
2021-12-08,Product B,East,50.94672942914754,0.004388477663302714
2022-05-15,Product C,East,372.90745612921745,0.062172689930663494
2022-10-19,Product A,East,423.31440058936266,0.21397076042500104
2022-05-26,Product C,West,68.25143189510663,0.11598605179015026
2021-11-23,Product A,North,442.2189772797038,0.19874518408248246
2021-08-05,Product C,North,165.5124027395206,0.10408879792036753
2021-10-28,Product D,South,349.38144589012484,0.11722654569889113
2021-05-12,Product D,East,410.159695560533,0.047603662106905476
2021-03-11,Product B,South,348.19903087670997,0.077469305899848
2021-09-09,Product C,South,91.52815643296576,0.18162352725227618
2022-02-19,Product C,North,318.34468348716575,0.1299489333945499
2022-03-21,Product A,West,297.31264552496464,0.23229080488337853
2021-07-01,Product B,West,455.1445706334222,0.25577548648150283
2021-06-16,Product C,North,231.90787833989413,0.16249392546502794
2021-04-01,Product B,West,194.48649368917256,0.22748018761681774
2022-12-15,Product D,South,387.4328439964098,0.092071353958371
2022-06-15,Product C,East,235.70389673752848,0.12449136462002346
2021-02-08,Product C,North,340.74327875227834,0.21383330286504929
2021-05-06,Product B,East,340.9025405560731,0.11586359784510919
2022-03-27,Product C,West,449.617578962053,0.17655148054769665
2021-06-22,Product B,East,319.4115810435938,0.055611833724753444
2022-10-15,Product C,West,275.96912448289413,0.1799313944911494
2021-08-08,Product A,West,112.49209687843265,0.2584541121680681
2022-09-30,Product B,South,102.08192300541742,0.2605918919470277
2021-02-27,Product C,West,119.44470437738572,0.2173033218988619
2022-10-22,Product D,South,127.33181659719253,0.22372601372283782
2022-04-21,Product C,South,337.04469169863523,0.1673782335452102
2022-04-01,Product D,South,383.44156262356034,0.17540042704974743
2021-12-27,Product D,North,288.4961853168884,0.0400951744231554
2021-01-01,Product A,North,423.057979645471,0.13315775652639034
2022-01-22,Product B,West,496.06845203013495,0.13523288516590914
2021-12-14,Product C,South,419.0056831037102,0.28754935070032206
2021-07-09,Product A,North,362.69706815418164,0.12932605878698683
2022-05-20,Product C,South,289.62171474671595,0.1648027934708273
2021-07-10,Product D,East,251.9838822536187,0.15997541978373073
2022-05-23,Product B,East,87.97657124504406,0.19102851511329813
2022-01-04,Product C,East,229.71593677761092,0.22446984939956877
2022-02-13,Product C,West,459.5605865519604,0.06751256285126163
2021-04-27,Product D,South,413.61018345794884,0.15861732572953072
2021-05-14,Product C,East,147.22311425525925,0.2477753121948091
2021-02-27,Product C,North,259.97350311374714,0.13893441415125343
2022-07-10,Product D,East,417.52544115134503,0.0835372639120719
2022-11-16,Product A,East,80.32304965348513,0.19641272260688972
2022-11-03,Product D,East,224.32666355089668,0.24713021873973687
2021-06-22,Product A,West,,0.018942087878217394
2021-05-29,Product B,North,231.75403887655568,0.23303714502216813
2021-03-21,Product A,South,84.9265901291484,0.24649437988853135
2021-08-01,Product A,North,294.1404658395131,0.13845687827658204
2021-07-22,Product B,South,437.78412271323293,0.2949916970455402
2021-08-17,Product A,West,315.6284943289219,0.23601250221219272
2022-11-07,Product D,West,151.8255986964043,0.23209876946869973
2021-08-15,Product A,West,222.9078290618216,0.22435157232362155
2022-10-21,Product B,West,252.55551253186948,0.0451824309654822
2022-06-16,Product D,South,310.6698592192371,0.06516926593590323
2022-03-17,Product B,East,391.70796158867586,0.1391970394393275
2022-02-06,Product B,South,94.49312793828594,0.07920130498783975
2021-02-16,Product C,North,450.34341485790486,0.12457229170021213
2021-08-21,Product C,West,55.539366357234016,0.2665392329768762
2021-11-01,Product B,West,216.52355060341486,0.24729806756378075
2022-06-10,Product B,North,62.339139487695945,0.18901196354399466
2021-05-23,Product B,South,226.83840140538106,0.257436118275331
2022-02-19,Product C,East,286.6156694929957,0.23513171670517474
2022-05-28,Product C,East,280.25662396168025,0.12869547955226715
2022-01-08,Product A,North,124.53275616271941,0.06031954561498354
2022-07-20,Product A,East,340.58322954302554,0.15426031200280174
2021-09-16,Product B,South,70.1503027271007,0.22086866475856504
2022-10-18,Product D,South,392.8580690595869,0.1309258796188779
2022-04-16,Product D,North,475.9899952970958,0.20003157293516916
2021-01-12,Product C,South,202.89597221800304,0.028298227887313086
2021-11-26,Product C,West,282.7577217714494,0.224401420911421
2021-12-24,Product C,North,220.50962512646646,0.2438140859679186
2022-02-12,Product B,South,53.01967563682698,0.21205135673416234
2022-10-30,Product D,North,223.64352630280217,0.2901790762579097
2022-01-08,Product A,East,406.27411666760594,0.2479956172381921
2021-01-08,Product B,South,318.1949789825668,0.2709281183629615
2021-05-02,Product A,West,95.56696157682151,0.2800713250372944
2021-12-14,Product A,South,431.2127703622033,0.24040439756214255
2022-11-07,Product B,North,288.98840519835926,0.20227765260194971
2021-03-31,Product A,North,428.77551278510424,0.0017155744082367863
2022-10-10,Product D,South,311.0996834532632,0.1397477259669374
2022-11-29,Product A,West,301.85980017707294,0.1713486895867083
2021-11-12,Product D,West,97.36663333865557,0.09120908173439989
2021-06-27,Product D,West,125.31187991238258,0.09543133407104161
2022-06-24,Product D,North,487.411365423466,0.28834782471304954
2021-02-10,Product C,South,152.81903603964685,0.2675132595608238
2022-12-05,Product A,East,489.85345309566554,0.25475370165051126
2022-05-17,Product B,North,289.3607179359185,0.12180354051183317
2021-05-25,Product B,West,111.10507117877171,0.004109565122674364
2021-07-20,Product A,South,94.68599123916184,0.02406667393671422
2022-12-25,Product C,West,143.988831817583,0.09365891046528109
2022-04-06,Product C,East,466.5367985114011,0.004722873898703094
2022-07-12,Product D,West,236.36760094770204,0.005144934574559434
2022-07-01,Product A,West,227.94542059681146,0.2749809904927233
2021-09-10,Product A,East,190.94281748157832,0.21184755063571623
2022-01-25,Product B,South,116.17783275496477,0.0926867970204458
2022-08-17,Product A,North,269.5330387365829,0.03979337328028595
2021-09-13,Product C,South,108.52150213001241,0.15349071536852313
2022-12-10,Product A,East,425.9661063720474,0.001603848256309337
2022-03-26,Product B,West,216.6786438238879,0.2815241231574432
2021-01-10,Product D,South,218.66160550180837,0.12444453581668416
2021-08-30,Product B,North,263.3028928174201,0.12070048657119982
2021-09-08,Product B,East,249.85747092458823,0.11717808227453465
2021-01-05,Product D,South,497.68608787669467,0.020798499116329427
2021-04-29,Product B,North,295.42150454823616,0.19149667193754796
2022-01-09,Product B,East,89.6907667054418,0.21990108588850601
2021-03-06,Product A,North,323.0948037096185,0.20283761927648708
2021-05-26,Product A,East,118.21293179144598,0.04153064799881829
2021-08-12,Product D,West,63.92194012910389,0.17365205041067777
2021-08-27,Product A,South,486.8339691547617,0.17084534525167613
2021-06-26,Product A,North,398.0925011905538,0.2605232363824146
2021-10-09,Product B,East,491.0490465861951,0.1137382975126941
2021-03-04,Product C,North,265.0453016100091,0.11144578309783026
2021-08-05,Product A,North,289.5158890170393,0.18555811761545568
2022-11-20,Product C,South,125.7516301636086,0.1899217960498539
2022-04-06,Product A,West,161.10834200041353,0.1407855681977371
2022-09-02,Product A,North,427.34714670627267,0.1329178086991263
2021-04-15,Product D,East,210.28354120291738,0.1482443011913648
2021-04-09,Product D,East,422.06673820838853,0.25831358985099356
2022-05-26,Product D,West,369.0561759291643,0.138350070376173
2022-01-20,Product C,East,129.72691637233947,0.28197953759094674
2022-02-09,Product B,West,278.35086475388397,0.1512011290788978
2022-06-02,Product A,East,354.8242946834226,0.28476020795426743
2022-04-21,Product A,South,155.7667466617213,0.2498495705607227
2022-12-10,Product A,North,423.80982973403457,0.10872939678474873
2022-10-07,Product C,South,295.172445895334,0.2590924263889848
2022-03-13,Product D,North,124.35892269917144,0.03301898526033457
2021-01-23,Product B,North,312.3429917740711,0.27751415260290435
2022-07-19,Product C,North,499.87121187016135,0.18949305452486748
2022-11-08,Product D,South,117.7346712485361,0.016317224556693353
2022-12-15,Product C,North,417.5406185537876,0.19327701709524345
2022-04-03,Product B,South,143.28905143440107,0.2922742962434268
2021-03-24,Product D,West,402.0747482570393,0.020940196384388675
2021-05-25,Product C,East,380.56006540463596,0.16640631293402589
2021-03-26,Product B,East,185.22022352019457,0.22433830492781173
2021-03-19,Product A,North,196.62040290400242,0.24307757600985938
2022-04-02,Product B,South,406.6346263833136,0.12414823959623875
2021-01-01,Product A,East,257.65048034929066,0.061249967750472895
2021-02-20,Product C,South,378.86811292031393,0.01270268363171515
2022-11-16,Product D,South,116.59286631462564,0.1739178471291674
2022-12-18,Product D,North,433.65100185569906,0.13587332108028324
2022-03-22,Product C,East,369.8981225070436,0.2846233185449133
2022-03-25,Product D,North,458.12426397567526,0.018181472314472934
2022-05-03,Product D,North,109.56757056573761,0.20561860303380172
2021-02-03,Product A,East,316.85652516226895,0.00748986663601715
2021-12-14,Product C,East,319.6042632681463,0.05143025301316282
2021-04-05,Product B,West,209.0573332460521,0.13607369997685023
2021-03-13,Product A,West,256.309891056166,0.13646173284086047
2022-07-05,Product C,South,67.09170348043406,0.20571016288009317
2021-06-03,Product A,East,385.6370173821554,0.27306391046032696
2021-09-07,Product B,West,297.1951157314283,0.19170964767447624
2022-11-05,Product B,South,75.9834733411282,0.2860605293554526
2022-03-14,Product C,South,356.3401518322185,0.2644846919633993
2021-04-28,Product B,South,260.05193475403456,0.17534993865923706
2021-11-02,Product A,West,65.50756674125,0.25013758527564817
2021-09-25,Product B,East,486.3234770816429,0.19277328309709021
2021-02-23,Product A,North,477.1004643902482,0.023567349277118142
2021-08-24,Product A,South,280.80608726623893,0.22216941697785297
2022-01-24,Product B,West,92.15258931765959,0.028472532380203863
2022-02-05,Product C,West,389.5795497193663,0.17822483417091373
2022-09-16,Product D,North,271.3689950475781,0.21079206175746865
2021-10-30,Product B,North,186.10136523022095,0.01995828246325657
2021-07-26,Product A,West,271.1381798878506,0.06923839617795953
2021-08-17,Product A,East,285.099865432459,0.27470166967849496
2022-08-01,Product B,North,303.22026456005267,0.1848943476698689
2021-03-16,Product C,West,10000.0,0.07388580564315947
2022-03-11,Product C,North,322.5898864125755,0.207203931344402
2021-04-13,Product A,East,463.4306197728698,0.17903292598850687
2022-02-26,Product A,South,213.02063919436603,0.1504727099753845
2022-12-05,Product C,North,376.5724084489771,0.2928560924964251
2021-11-02,Product D,East,452.5036505709045,0.20503613322225267
2021-04-08,Product B,West,,0.11263233290037379
2021-12-01,Product A,North,249.55512637185686,0.24002202962306038
2022-03-11,Product A,North,320.95264340965076,0.2653749878763563
2022-03-23,Product C,West,316.13304174011967,0.037566167855049425
2021-11-04,Product B,South,412.9652040468246,0.06016589335357994
2021-09-06,Product C,West,264.4175227002317,0.0648681027383339
2021-06-15,Product B,North,498.2553273377485,0.20736354281596212
2022-04-26,Product B,West,76.76220599027636,0.18091186651598498
2021-12-01,Product B,East,51.42553186131578,0.18569746940957646
2022-06-26,Product A,West,338.0892402018307,0.2822319899068503
2021-04-16,Product D,North,184.2957105628445,0.23277345984219178
2022-07-17,Product C,West,158.17207491476773,0.03838107735353495
2021-03-22,Product D,South,190.3545860019262,0.10425212472755431
2021-05-13,Product C,West,165.22140429722944,0.1306180938527207
2021-05-18,Product B,South,63.85552234720153,0.11878847662428146
2021-07-03,Product A,East,487.18986907576493,0.20079258274856374
2022-02-05,Product D,South,149.33546980375178,0.26756793097696874
2021-11-26,Product A,West,380.31339316518785,0.0918154390568364
2022-05-23,Product C,North,393.1683776123789,0.16556314092635568
2021-03-10,Product A,South,468.1658291032532,0.2368228265740757
2022-06-30,Product A,East,63.747255692020985,0.1248654176536048
2021-02-22,Product D,South,442.42175230115345,0.05043543851978875
2022-03-26,Product B,South,287.2517813779101,0.14248528957912446
2021-07-24,Product A,South,334.64484948462257,0.01656675622290854
2021-05-06,Product B,East,340.01162470446513,0.28271503620068306
2021-02-12,Product C,West,418.9090122431274,0.02244636155849191
2021-04-21,Product A,South,200.03329497159973,0.13153701457517344
2022-10-25,Product D,South,379.87303543699704,0.15896437832655785
2021-07-02,Product C,North,287.8601493749887,0.2955911496861856
2021-04-05,Product C,East,407.0273064374065,0.049806547092858235
2022-01-09,Product D,South,495.74571474656005,0.03432945558370757
2022-06-04,Product A,East,140.29295783169255,0.0026118441187630735
2021-12-26,Product A,South,497.59188870199904,0.04667143106079069
2022-11-27,Product C,West,90.4154694272483,0.06218189372030028
2021-10-08,Product A,West,51.04289655716624,0.18917428247492768
2021-07-14,Product B,South,69.87287128002407,0.06591203711742012
2021-07-14,Product D,West,203.80208213154276,0.0061562444187975626
2022-10-29,Product B,South,334.80784880529535,0.2479855036507466
2021-04-03,Product A,West,81.06329339953234,0.10967871030119003
2022-11-03,Product C,North,52.54961653830527,0.10610900597422018
2021-03-02,Product D,North,471.69096280645766,0.09074370875037797
2022-09-26,Product A,North,419.8669861729683,0.2926119831439262
2021-02-20,Product A,East,414.132427012564,0.05103462519278444
2022-02-07,Product C,East,447.9909239758897,0.2694714191859705
2021-01-05,Product C,North,365.01542274744696,0.23304099964196637
2022-04-11,Product B,East,96.98185838663665,0.022943986649793923
2022-08-27,Product D,West,229.59508463317536,0.2960187304502546
2022-11-13,Product D,South,375.4172689090833,0.08140978906170317
2022-06-18,Product C,South,176.1505073561844,0.029574878106723698
2022-02-09,Product B,South,359.3328638613069,0.24879427023772782
2022-05-28,Product D,North,61.02430172044356,0.21200266010330995
2022-10-07,Product C,East,187.76180339581694,0.18516564176337022
2021-08-21,Product A,West,297.1086513247277,0.04679425910967994
2022-06-08,Product D,West,334.44042327780903,0.14354883487678857
2021-12-12,Product B,North,309.66829900785984,0.23416680806616413
2021-02-15,Product B,West,363.9903242330433,0.09108718144315207
2022-06-30,Product B,West,52.73993670792758,0.09350694855451243
2021-03-19,Product A,West,95.42353998988467,0.0009422718144366348
2022-12-31,Product D,West,441.02491352561526,0.05227302049361386
2021-03-14,Product D,East,356.78688984057254,0.2626216875365503
2021-09-06,Product A,West,100.81923920870508,0.1325239474913121
2021-02-16,Product D,South,428.93349682936065,0.2952703497703302
2021-05-01,Product A,North,159.0040480210551,0.11871238907213777
2021-08-02,Product A,East,265.21694788785055,0.21455593643407236
2021-08-27,Product A,West,115.33843079809714,0.08457571287141874
2021-02-25,Product B,East,369.549525389768,0.10914289234228004
2021-12-16,Product D,West,350.08448945642056,0.05721779627726839
2021-04-17,Product A,South,145.00061202476127,0.10411871054981849
2021-02-17,Product D,North,438.5303450856508,0.16417125612619293
2022-07-27,Product B,West,230.58771089887048,0.2975318642937748
2021-12-03,Product A,West,181.6317909818338,0.19926051392153568
2021-01-26,Product C,West,118.54831525904095,0.059773786322494214
2021-09-14,Product B,West,169.77560563199185,0.01348843247746534
2021-01-08,Product C,North,59.91211455071765,0.03790694439435318
2022-09-17,Product D,North,312.465871605252,0.1687665603819142
2021-09-10,Product D,South,429.0038358547766,0.2295480986450299
2022-11-23,Product B,North,297.04120224873884,0.28212576219022406
2022-12-20,Product D,West,148.67328286574406,0.004746951599046245
2021-10-30,Product C,South,65.15113019624272,0.15682804246856094
2022-10-01,Product A,South,146.5826329664613,0.14126020686695304
2021-02-25,Product A,South,237.25464263199154,0.1968165065927112
2022-12-27,Product A,West,391.82514291490844,0.16787365633960258
2022-06-10,Product B,East,134.52928364199835,0.20611174517474415
2022-04-19,Product D,West,373.9061540096087,0.1974247754247571
2021-01-28,Product C,North,440.1200607583477,0.03510351745738386
2021-03-19,Product D,North,254.27608164876068,0.23991537408561586
2021-08-04,Product D,West,419.64439623916695,0.03696977271489745
2022-01-21,Product D,West,299.595806615793,0.20955918756274114
2021-12-31,Product A,South,336.69087668640725,0.12484361029218201
2022-10-28,Product C,West,286.8253071521912,0.15415522037297938
2022-06-10,Product C,South,258.4277225381038,0.2709894043127132
2022-11-30,Product D,North,155.59404879913222,0.26696511794204597
2021-11-08,Product A,South,186.43732675747071,0.24535689169650884
2021-01-07,Product A,West,180.48655352462407,0.153044514136897
2021-01-03,Product C,North,303.4800189292166,0.22087194304014993
2022-09-15,Product A,East,103.97916186075047,0.15386911665564282
2021-12-29,Product A,South,462.5562608160508,0.2608818247424332
2022-05-23,Product A,North,374.29481537740094,0.12083274996986997
2021-10-01,Product B,South,230.65053391093713,0.29107060332446305
2022-05-21,Product D,North,121.38086503687008,0.27969682746866326
2021-01-15,Product C,North,446.89647637473615,0.22248078583553565
2021-07-11,Product C,South,420.70014054552433,0.08382476525282159
2022-09-23,Product B,East,374.7746987227307,0.039496076637977516
2022-04-30,Product D,North,172.19617133505906,0.25641103502795926
2021-01-28,Product C,North,231.10098684515103,0.04959068584138838
2022-12-15,Product A,North,96.23671360359052,0.2562782366992007
2021-02-08,Product C,East,135.06778612738927,0.14722950201370813
2021-09-30,Product A,East,402.3574867925298,0.12196703514243126
2021-08-19,Product B,West,371.7674234828077,0.2709572336503287
2021-03-27,Product A,South,317.0685933391706,0.18115529476208336
2022-04-19,Product C,East,453.0770266667778,0.17298420213891533
2021-05-06,Product C,South,312.4699330158704,0.1676297833873193
2022-06-21,Product C,West,260.13559998362484,0.11135085480585942
2021-05-25,Product B,South,203.16683583759323,0.23569293105873818
2022-06-09,Product B,East,473.20182758127766,0.0758395332047319
2021-07-31,Product D,South,87.22195768595907,0.2816684880123825
2021-01-25,Product C,East,468.89931742736377,0.26819556151408824
2022-08-03,Product A,South,422.02159696895825,0.10124409770246945
2022-01-29,Product B,East,108.46846604106558,0.2188391309494991
2021-03-08,Product C,East,304.2429609538641,0.17196695833487743
2021-08-21,Product C,South,439.9465917870891,0.10129479059977038
2021-04-19,Product B,West,307.3141236232192,0.296556494398634
2021-05-26,Product D,North,458.23991970228,0.007571203754479261
2021-04-21,Product B,West,474.3427175672191,0.075793809186386
2021-08-16,Product B,South,240.07303498293766,0.15602221833334512
2021-04-21,Product A,West,219.79114763284562,0.15658590104356915
2022-04-15,Product A,East,471.34451928612054,0.17667992248366923
2021-02-03,Product D,North,353.81302751735063,0.22550285160687578
2022-09-15,Product C,South,102.21020660667618,0.1870433491557889
2022-01-04,Product B,South,69.03128715020654,0.1800844381584111
2022-08-18,Product D,South,304.0830729487684,0.01605433887391299
2022-07-08,Product A,North,468.5769344472911,0.11295908633678949
2022-03-01,Product B,East,429.9119160826183,0.0696167219103468
2022-09-05,Product C,South,354.1314859089514,0.07961103348059263
2022-06-02,Product A,West,112.60213200098939,0.16630124230210344
2022-11-23,Product A,South,164.404122686913,0.059851594478882525
2021-10-09,Product A,South,443.98005194867727,0.08818473030506925
2021-11-16,Product D,South,132.26325649560522,0.07112541255520202
2022-03-19,Product C,South,175.29773371269556,0.2845508829654584
2021-11-11,Product B,East,108.32029303794889,0.28339971965132854
2022-01-12,Product D,West,354.248704136485,0.1829824675788155
2021-10-16,Product D,East,474.7920374134443,0.27735674061956994
2022-03-13,Product D,West,171.0356142179237,0.23574379364051193
2022-10-24,Product A,South,263.9329735325332,0.1769843648405426
2021-10-04,Product C,North,335.45288287004195,0.0019305634490387135
2022-12-11,Product D,East,499.7598116970338,0.2317548858238212
2022-08-05,Product B,North,97.16362924890745,0.21074650247654064
2022-05-18,Product C,East,274.3568597775691,0.1845760959847242
2022-09-16,Product B,South,223.30405395612502,0.2281272935047415
2022-05-31,Product C,East,439.6190743500598,0.1538766494324297
2021-12-16,Product B,South,264.1854789552451,0.21122498139640172
2022-03-22,Product A,East,99.93988606331664,0.280551626017948
2021-12-16,Product D,South,335.4908653789626,0.11274150475382588
2022-08-30,Product B,South,396.8512782187459,0.2124365504701876
2022-10-26,Product C,West,51.296563249526564,0.1427063454032876
2021-05-17,Product D,South,436.53050843928327,0.20231989554419447
2021-08-31,Product D,West,133.71035000254955,0.22886800066630922
2022-06-27,Product C,South,298.43121409402005,0.013635750130738788
2021-02-09,Product B,North,237.10887530935256,0.19398013318459856
2021-08-17,Product A,South,373.8442174747387,0.06802235532208337
2022-07-02,Product A,North,217.02272665358382,0.20100976134227003
2021-08-11,Product B,North,441.39342950676985,0.14049905578014404
2021-01-06,Product D,South,378.7233624314556,0.23206582255946615
2021-11-18,Product D,North,341.47092697831465,0.037020244561678926
2022-04-13,Product D,West,408.30826800328447,0.18789670549685852
2021-03-16,Product D,East,389.310365717772,0.0835412186782657
2021-01-04,Product B,South,66.172403714699,0.25589459859917746
2022-10-08,Product D,North,10000.0,0.27851505169089225
2021-04-28,Product C,South,468.8632837924204,0.2989194881037166
2022-08-29,Product D,West,106.5759210465018,0.23880222072818497
2022-05-19,Product A,South,381.69344769442307,0.22612022112840136
2022-07-28,Product D,South,488.56631510089835,0.0646502276602653
2022-03-17,Product B,North,73.48938307023724,0.10080211769703262
2021-07-13,Product A,West,356.9872462819747,0.13970476252868386
2022-12-16,Product B,East,260.66936358546366,0.2320143143346749
2022-01-27,Product B,East,310.62886491862497,0.27448975952339055
2021-01-26,Product A,North,88.40360141794619,0.056741730006895384
2022-03-11,Product B,South,69.35312834012277,0.27671024540103084
2021-06-22,Product B,North,350.08999724791477,0.2086873957062174
2021-10-27,Product D,North,420.48924341932303,0.18323121920551158
2022-10-07,Product C,North,401.9069007198353,0.05995238138458185
2021-11-22,Product B,South,294.71257753980683,0.016657509842745166
2022-02-14,Product B,West,94.94006951128017,0.17053946955238197
2021-04-28,Product B,North,359.61999972620623,0.1954547049986677
2022-12-25,Product D,South,158.84999759936568,0.06323443480640646
2021-08-13,Product C,West,459.98091624532265,0.16693686174763692
2022-06-16,Product A,North,427.2194117955672,0.25694802082877205
2021-04-23,Product D,East,369.2223351893259,0.250519783636506
2021-05-20,Product D,West,476.9806801240087,0.27820655417588913
2022-07-13,Product C,North,64.13981968007282,0.10976574286706413
2021-01-01,Product C,West,381.2901912773429,0.0954148717652756
2021-03-31,Product D,West,198.6092507013824,0.22482780179424258
2022-10-16,Product A,West,,0.1293337215291015
2021-11-16,Product D,West,170.00383849788992,0.026264599208334183
2022-07-04,Product C,West,376.1854246917577,0.08484033920114992
2021-05-19,Product A,West,444.9411588428516,0.12557468565944674
2022-05-26,Product C,North,68.7455682722071,0.0877549276428756
2021-09-16,Product A,East,228.94141081641627,0.09966167128419648
2022-11-04,Product B,South,393.0390644098724,0.08813277185231723
2022-11-21,Product C,West,254.7135002784142,0.012449750154923833
2021-01-10,Product C,South,170.2636834071179,0.19112841024733276
2021-09-18,Product D,North,148.9124069704355,0.17918772610604078
2022-10-12,Product C,West,109.18322011237007,0.1960150495436042
2021-06-21,Product C,East,435.70830193532703,0.05769296881008824
2021-01-13,Product B,South,308.90993146320017,0.08869636248374559
2021-06-17,Product C,West,,0.18588477808347667
2022-10-04,Product B,North,222.16114560678594,0.1798882705379764
2022-08-19,Product B,East,215.48014286229946,0.15189909280628033
2021-11-17,Product B,South,131.78263581925836,0.10512397500305921
2021-11-15,Product B,South,245.97843146248582,0.27387930143240696
2022-09-05,Product A,West,199.4447144269114,0.10193107268965314
